{
	"class_name" : "PinholeCameraParameters",
	"extrinsic" : 
	[
		0.62798910816702469,
		-0.44915305628448549,
		0.63552435992170353,
		0.0,
		-0.77617283621457589,
		-0.42071657148867103,
		0.46963101984157657,
		0.0,
		0.056439421915947308,
		-0.78819991024176328,
		-0.61282582611103298,
		0.0,
		-1.1610972756403168,
		-4.6686721879454014,
		19.852975055377556,
		1.0
	],
	"intrinsic" : 
	{
		"height" : 900,
		"intrinsic_matrix" : 
		[
			779.4228634059948,
			0.0,
			0.0,
			0.0,
			779.4228634059948,
			0.0,
			799.5,
			449.5,
			1.0
		],
		"width" : 1600
	},
	"version_major" : 1,
	"version_minor" : 0
}