{
	"class_name" : "ViewTrajectory",
	"interval" : 29,
	"is_loop" : false,
	"trajectory" : 
	[
		{
			"boundingbox_max" : [ 79.922996520996094, 35.678001403808594, 2.9079999923706055 ],
			"boundingbox_min" : [ -78.294998168945312, -26.083000183105469, -28.347000122070312 ],
			"field_of_view" : 60.0,
			"front" : [ 0.083915904071613936, -0.57768007036229296, 0.81193833346508537 ],
			"lookat" : [ -1.121868964534452, 9.2076907871501117, -6.0143178735711285 ],
			"up" : [ -0.20029587195454562, 0.78840367740508155, 0.58163666075318232 ],
			"zoom" : 0.19999999999999998
		}
	],
	"version_major" : 1,
	"version_minor" : 0
}
